{
    "camera":
    {
        "resolution": [1280, 720],
        "transform": [
            {
                "lookat":
                {
                    "position": [30, 0, 40],
                    "target": [29.5, 0.5, 40.1],
                    "up": [0, 0, 1]
                }
            }
        ],
        "s": 1,
        "z_near": 0.1,
        "z_far": 300
    },
    "background": [
        0.9, 0.3, 0.15
    ],
    "objects": [
        {
            "filename": "formatted.ply"
        }
    ]
}