{
    "resolution": [512, 512],
    "background": [
        0.5, 0.5, 0.5
    ],
    "objects": [
        {
            "type": "circle",
            "color": [0.8, 0.8, 0.2],
            "transform": [
                {"scale": [100, 100]},
                {"translate": [256, 256]}
            ]
        },
        {
            "type": "rectangle",
            "color": [0.8, 0.8, 0.2],
            "transform": [
                {"scale": [26, 70]},
                {"translate": [243, 60]}
            ]
        },
        {
            "type": "rectangle",
            "color": [0.8, 0.8, 0.2],
            "transform": [
                {"scale": [26, 70]},
                {"translate": [243, 60]},
                {"translate": [-256, -256]},
                {"rotate": 45},
                {"translate": [256, 256]}
            ]
        },
        {
            "type": "rectangle",
            "color": [0.8, 0.8, 0.2],
            "transform": [
                {"scale": [26, 70]},
                {"translate": [243, 60]},
                {"translate": [-256, -256]},
                {"rotate": 90},
                {"translate": [256, 256]}
            ]
        },
        {
            "type": "rectangle",
            "color": [0.8, 0.8, 0.2],
            "transform": [
                {"scale": [26, 70]},
                {"translate": [243, 60]},
                {"translate": [-256, -256]},
                {"rotate": 135},
                {"translate": [256, 256]}
            ]
        },
        {
            "type": "rectangle",
            "color": [0.8, 0.8, 0.2],
            "transform": [
                {"scale": [26, 70]},
                {"translate": [243, 60]},
                {"translate": [-256, -256]},
                {"rotate": 180},
                {"translate": [256, 256]}
            ]
        },
        {
            "type": "rectangle",
            "color": [0.8, 0.8, 0.2],
            "transform": [
                {"scale": [26, 70]},
                {"translate": [243, 60]},
                {"translate": [-256, -256]},
                {"rotate": 225},
                {"translate": [256, 256]}
            ]
        },
        {
            "type": "rectangle",
            "color": [0.8, 0.8, 0.2],
            "transform": [
                {"scale": [26, 70]},
                {"translate": [243, 60]},
                {"translate": [-256, -256]},
                {"rotate": 270},
                {"translate": [256, 256]}
            ]
        },
        {
            "type": "rectangle",
            "color": [0.8, 0.8, 0.2],
            "transform": [
                {"scale": [26, 70]},
                {"translate": [243, 60]},
                {"translate": [-256, -256]},
                {"rotate": 315},
                {"translate": [256, 256]}
            ]
        }
    ]
}